<?xml version="1.0" encoding="UTF-8"?>
<metadata modelVersion="1.1.0">
  <groupId>fr.cesi</groupId>
  <artifactId>atlantismedia</artifactId>
  <version>0.0.3-SNAPSHOT</version>
  <versioning>
    <snapshot>
      <localCopy>true</localCopy>
    </snapshot>
    <lastUpdated>20200116220300</lastUpdated>
    <snapshotVersions>
      <snapshotVersion>
        <extension>jar</extension>
        <value>0.0.3-SNAPSHOT</value>
        <updated>20200116220300</updated>
      </snapshotVersion>
      <snapshotVersion>
        <extension>pom</extension>
        <value>0.0.3-SNAPSHOT</value>
        <updated>20200116220300</updated>
      </snapshotVersion>
    </snapshotVersions>
  </versioning>
</metadata>
